Transaction_ID,Product_ID,Customer_ID,Date_of_Sale,Quantity_Sold,Sales_Amount
1,173,106,2023-12-04 23:00:11,4,120.71
2,48,37,2023-09-19 19:48:50,7,220.5
3,118,337,2022-08-27 10:34:08,1,122.69
4,193,467,2021-10-13 05:40:17,3,871.65
5,252,166,2021-06-19 04:22:45,1,655.59
6,196,223,2023-01-21 03:10:49,8,252.94
7,10,374,2021-12-24 02:28:20,8,791.9
8,212,495,2022-09-28 03:53:17,2,970.12
9,278,292,2021-01-21 20:54:00,5,941.1
10,243,433,2023-02-22 17:49:27,9,929.39
11,293,129,2021-11-23 09:49:12,1,107.03
12,88,50,2021-07-14 08:23:45,4,630.11
13,71,186,2023-04-05 17:53:56,5,330.97
14,89,266,2021-02-28 19:52:40,7,608.18
15,194,51,2021-02-05 23:13:09,2,386.23
16,40,226,2023-10-16 04:24:01,4,238.3
17,88,177,2022-08-01 18:11:34,4,500.04
18,175,498,2023-05-06 12:24:26,3,545.59
19,89,13,2021-10-21 10:12:26,5,990.79
20,166,199,2023-04-26 09:17:17,5,138.15
21,26,125,2022-08-25 15:00:46,5,371.04
22,73,500,2022-07-07 16:18:15,6,866.7
23,266,421,2023-11-05 01:47:38,9,693.73
24,116,100,2023-09-01 07:59:26,4,844.01
25,244,359,2023-08-21 21:59:06,7,694.26
26,198,37,2023-03-09 11:52:57,6,783.58
27,100,287,2022-08-22 02:20:28,4,543.63
28,178,115,2021-01-12 22:56:54,4,284.39
29,244,148,2021-07-04 22:47:18,8,829.0
30,286,423,2021-12-25 05:08:35,1,611.04
31,148,429,2023-06-01 18:06:17,8,225.55
32,148,36,2022-02-07 16:54:05,5,824.4
33,289,271,2023-09-04 18:54:34,1,962.73
34,266,30,2021-11-21 17:31:47,6,411.55
35,186,436,2023-11-09 05:09:08,4,364.16
36,128,61,2021-09-28 11:51:48,7,173.6
37,33,338,2021-11-09 12:57:09,8,698.04
38,32,324,2023-11-22 20:03:45,1,963.07
39,203,286,2023-11-25 09:34:52,4,222.39
40,245,156,2022-11-09 22:27:56,3,536.64
41,152,132,2023-03-13 12:19:37,1,188.41
42,164,34,2022-08-04 04:33:11,8,130.7
43,184,246,2021-02-25 05:12:28,1,698.05
44,29,436,2022-06-26 22:33:09,8,880.92
45,291,375,2022-11-12 06:49:30,3,403.81
46,129,412,2022-12-14 20:51:46,1,888.19
47,129,229,2022-02-01 07:19:44,3,205.35
48,54,57,2021-12-13 22:12:49,7,314.16
49,39,278,2021-04-29 23:18:33,1,911.45
50,245,168,2021-04-05 07:37:59,9,557.66
51,274,235,2022-03-14 08:22:28,4,647.37
52,106,331,2022-06-06 15:36:56,4,134.22
53,43,30,2023-10-19 06:17:42,7,215.55
54,32,242,2022-06-10 13:21:37,7,150.21
55,258,414,2021-02-25 00:12:34,7,914.5
56,58,446,2022-07-06 07:25:51,5,221.32
57,292,59,2022-01-01 17:49:48,3,864.71
58,120,281,2022-06-29 23:40:08,6,415.93
59,268,115,2021-10-20 05:50:53,5,820.54
60,83,273,2022-08-15 03:51:23,3,428.54
61,92,449,2021-10-02 19:55:09,1,340.92
62,100,357,2021-09-16 16:03:59,2,184.29
63,54,483,2023-10-20 09:35:52,6,352.64
64,122,124,2023-05-07 16:36:19,6,524.33
65,85,14,2022-11-21 10:01:57,9,835.76
66,204,258,2021-01-01 13:06:28,5,507.26
67,263,252,2023-04-07 14:39:17,1,974.29
68,48,259,2022-09-03 14:22:19,7,587.47
69,128,323,2023-01-20 03:09:13,2,122.45
70,132,148,2021-02-24 05:09:02,2,473.83
71,181,251,2023-12-20 03:19:17,4,720.01
72,144,461,2021-10-05 16:45:25,1,310.86
73,149,159,2022-11-16 08:23:35,4,728.77
74,228,40,2023-07-04 13:49:04,2,553.33
75,280,470,2022-10-12 00:01:15,4,123.16
76,208,78,2023-12-11 15:53:47,2,796.92
77,49,434,2023-06-16 21:02:36,5,604.34
78,70,283,2021-10-21 08:06:26,8,174.24
79,170,372,2021-11-07 16:47:50,7,527.69
80,164,141,2023-08-12 09:29:53,5,358.56
81,96,242,2023-11-22 13:43:25,6,891.71
82,198,449,2021-10-22 06:59:26,7,356.43
83,95,258,2022-09-23 19:37:13,1,947.52
84,257,421,2023-05-16 02:54:36,5,591.52
85,179,267,2023-08-14 14:08:34,4,391.25
86,293,363,2023-04-10 04:13:55,8,832.19
87,99,289,2023-11-15 11:37:01,1,727.66
88,43,285,2022-04-23 05:31:24,1,472.57
89,202,187,2021-12-30 04:01:02,9,666.66
90,1,195,2023-06-04 02:08:00,4,800.73
91,44,221,2021-10-13 03:40:01,7,866.4
92,24,66,2023-06-18 16:23:57,6,834.77
93,188,206,2021-10-06 12:42:10,8,249.47
94,131,340,2023-06-27 04:47:46,4,845.55
95,99,48,2022-02-07 21:11:00,3,152.77
96,63,82,2022-11-12 00:37:15,9,280.15
97,223,421,2022-04-02 00:34:29,2,660.63
98,124,200,2023-04-06 18:58:07,4,203.22
99,83,310,2021-07-20 21:15:10,9,643.01
100,228,199,2022-07-05 11:43:52,4,377.17
101,149,138,2023-05-20 22:40:37,6,486.52
102,210,16,2021-09-09 17:19:34,2,383.64
103,51,275,2022-05-26 23:27:11,3,163.16
104,271,158,2021-01-27 16:14:57,7,550.68
105,42,182,2021-05-11 03:58:14,4,967.24
106,59,445,2021-05-16 14:32:13,3,650.61
107,194,43,2021-11-30 04:39:08,6,370.03
108,37,467,2021-12-31 14:03:33,4,960.53
109,267,131,2023-12-11 05:52:22,6,450.31
110,87,286,2022-10-05 21:00:34,2,727.77
111,44,402,2021-04-27 09:00:31,2,670.7
112,12,36,2021-05-06 11:02:26,6,957.62
113,259,377,2021-02-22 05:54:19,9,923.14
114,81,276,2023-01-10 13:52:09,4,233.2
115,33,401,2022-01-29 15:40:34,3,177.12
116,183,24,2023-10-08 20:48:54,3,828.68
117,129,141,2021-02-09 10:53:39,5,914.45
118,295,356,2022-09-13 19:12:47,8,543.68
119,276,366,2021-04-24 18:03:54,9,721.69
120,175,185,2022-05-01 09:53:10,9,162.81
121,43,195,2022-10-26 11:01:10,6,297.82
122,185,277,2022-12-21 16:26:20,6,234.44
123,78,132,2023-11-07 16:19:20,4,641.04
124,287,82,2021-11-29 10:14:04,8,277.79
125,281,429,2023-12-12 08:08:05,7,153.86
126,126,39,2023-04-21 04:19:17,1,371.99
127,259,43,2021-06-30 17:20:57,9,709.49
128,4,459,2022-05-24 22:29:56,6,620.08
129,95,38,2021-12-13 06:25:46,6,397.65
130,227,363,2021-03-23 22:41:33,4,850.13
131,270,41,2021-05-31 16:11:07,9,348.64
132,297,368,2023-12-08 07:06:57,8,334.49
133,20,284,2022-07-14 08:45:46,5,603.95
134,96,133,2023-12-07 02:01:47,8,530.39
135,249,436,2022-09-10 11:21:21,2,501.38
136,181,407,2022-07-14 04:27:52,4,240.21
137,271,166,2022-12-05 17:37:52,6,554.18
138,261,292,2023-01-02 04:31:07,9,333.12
139,238,31,2021-06-07 15:03:21,6,452.96
140,140,264,2021-11-04 14:52:34,9,760.21
141,87,473,2022-10-20 01:29:51,8,943.18
142,110,89,2022-05-21 12:06:17,4,796.48
143,185,240,2022-09-04 22:28:19,6,465.07
144,17,400,2023-12-08 07:27:50,7,633.73
145,153,395,2021-03-07 21:13:08,6,771.85
146,150,148,2022-11-17 18:30:20,4,472.8
147,111,334,2021-08-03 09:34:31,3,424.22
148,26,488,2022-08-14 01:20:21,4,221.72
149,118,313,2021-11-29 20:22:53,2,762.63
150,84,486,2023-01-14 13:44:21,7,854.66
151,162,488,2021-01-09 02:34:43,4,384.93
152,229,403,2022-01-14 23:50:16,8,805.16
153,252,456,2021-09-30 04:56:23,8,649.19
154,122,61,2022-12-31 22:40:15,6,805.67
155,288,25,2022-03-31 15:56:29,3,470.2
156,14,161,2022-03-19 14:53:03,2,772.82
157,185,365,2023-11-21 23:53:05,8,467.66
158,153,296,2023-03-22 08:19:23,6,179.88
159,80,373,2021-09-04 05:28:23,1,595.52
160,42,105,2022-01-22 00:23:33,4,508.9
161,275,383,2023-08-05 19:57:18,8,327.59
162,41,368,2023-12-12 03:25:46,2,902.9
163,208,117,2023-12-12 23:27:00,1,444.57
164,268,485,2023-09-13 14:29:15,9,135.21
165,167,491,2021-12-31 13:39:44,2,443.92
166,112,17,2021-03-24 12:48:37,8,482.06
167,130,437,2022-03-21 22:56:43,8,875.47
168,224,219,2021-08-03 00:06:21,7,819.26
169,217,489,2023-01-30 11:00:12,1,279.97
170,25,209,2022-11-21 16:27:38,6,855.13
171,68,303,2023-03-19 22:20:11,6,323.13
172,260,225,2023-06-05 00:15:23,7,407.74
173,235,95,2021-09-25 02:16:30,6,169.14
174,205,341,2021-02-21 06:31:36,4,149.82
175,292,280,2021-11-20 19:37:05,4,712.77
176,215,144,2022-03-23 01:07:26,9,931.01
177,190,173,2023-06-02 11:36:06,4,543.72
178,198,84,2021-09-28 03:59:07,4,859.68
179,216,120,2023-01-05 01:50:46,4,814.38
180,44,56,2023-02-07 12:03:44,7,698.21
181,33,355,2022-07-05 19:10:42,5,980.41
182,12,412,2023-10-26 06:44:22,3,821.97
183,105,302,2023-06-13 14:37:18,6,347.36
184,213,483,2022-09-08 08:49:26,2,810.11
185,139,338,2022-09-21 06:50:51,9,723.4
186,183,216,2022-05-20 00:04:51,9,459.57
187,126,412,2023-08-31 11:21:56,6,169.12
188,157,78,2021-12-04 18:21:56,9,292.92
189,112,433,2023-08-05 16:29:56,4,817.51
190,259,472,2022-06-27 18:39:48,1,323.64
191,28,351,2022-06-25 05:46:37,7,998.07
192,218,390,2021-01-13 03:26:19,4,724.59
193,152,378,2022-11-21 20:49:51,2,529.5
194,175,232,2023-11-01 21:27:47,8,613.39
195,149,226,2022-03-16 02:11:52,9,649.79
196,30,370,2022-05-16 12:49:13,4,972.05
197,68,483,2023-07-24 22:39:46,8,245.57
198,36,285,2021-06-12 10:39:27,7,345.16
199,296,245,2023-07-15 15:03:58,8,738.63
200,74,66,2021-03-22 03:20:49,7,315.87
201,298,69,2023-09-09 10:45:27,7,884.17
202,219,214,2023-02-20 14:35:36,8,411.88
203,260,457,2021-05-08 14:36:35,9,262.76
204,288,253,2021-02-05 17:56:25,6,142.86
205,266,371,2022-12-24 00:50:36,7,636.04
206,28,418,2022-07-28 13:54:55,4,842.75
207,200,375,2022-04-17 18:07:51,8,346.41
208,62,484,2021-11-01 09:22:15,3,925.79
209,45,49,2021-02-05 03:50:13,8,781.96
210,291,100,2023-07-09 15:20:35,9,155.17
211,89,474,2021-08-05 00:44:43,3,615.37
212,34,70,2022-07-07 11:34:31,4,610.7
213,134,450,2022-03-23 22:40:08,2,282.14
214,233,100,2022-08-22 07:24:21,9,401.09
215,256,72,2022-04-07 23:21:41,2,512.45
216,37,2,2021-03-29 16:46:25,1,143.27
217,257,130,2021-06-02 19:27:42,1,234.8
218,291,200,2023-02-28 02:59:50,6,247.6
219,198,154,2021-05-10 17:36:08,2,441.31
220,255,101,2023-11-11 18:41:05,6,772.62
221,81,78,2022-06-30 01:24:18,1,848.17
222,137,109,2021-04-02 15:37:34,4,246.56
223,190,179,2023-04-17 13:48:00,9,776.72
224,130,412,2023-01-10 01:09:17,1,703.64
225,210,97,2023-09-09 11:28:02,9,901.62
226,292,44,2022-01-08 14:43:23,5,971.91
227,169,276,2022-08-06 10:17:03,7,212.01
228,293,355,2023-04-28 07:19:38,1,172.61
229,177,302,2022-12-10 21:41:34,2,819.76
230,26,101,2021-05-16 01:25:12,8,245.95
231,292,337,2022-06-06 02:28:04,3,275.12
232,115,113,2023-10-14 05:56:21,7,893.83
233,287,235,2022-01-10 04:16:14,4,945.07
234,30,378,2021-02-25 11:39:30,5,386.62
235,242,428,2023-12-27 04:32:46,5,857.95
236,290,452,2022-04-03 07:50:39,6,872.97
237,147,9,2021-12-06 19:49:07,1,644.85
238,274,212,2021-10-20 20:54:56,1,609.48
239,222,431,2022-04-05 03:52:25,9,618.25
240,3,65,2022-03-05 11:28:27,7,371.16
241,70,373,2021-08-25 15:07:53,7,656.98
242,45,405,2023-03-06 02:22:48,5,319.22
243,254,97,2022-06-07 23:07:45,9,259.87
244,112,483,2023-11-10 18:01:32,1,471.66
245,92,364,2021-10-26 03:57:58,8,735.2
246,40,390,2021-03-14 16:30:28,6,659.28
247,151,342,2023-10-19 06:01:34,7,968.39
248,146,281,2021-04-10 08:09:34,4,681.81
249,199,3,2022-12-12 17:41:14,1,227.18
250,275,456,2021-06-03 10:02:53,5,245.1
251,44,109,2023-04-21 13:15:06,3,183.76
252,84,204,2022-07-18 22:44:59,2,272.06
253,298,244,2022-11-19 04:32:14,8,638.16
254,94,285,2021-01-23 10:26:48,2,854.46
255,175,375,2021-12-09 16:43:47,1,904.48
256,202,352,2022-07-18 00:46:33,3,460.04
257,29,66,2022-05-31 05:22:34,8,602.72
258,210,465,2022-06-23 21:31:07,9,828.28
259,106,371,2023-08-23 10:56:43,9,380.86
260,64,211,2021-12-31 23:06:21,1,636.1
261,17,399,2021-01-13 03:14:49,7,256.67
262,107,22,2023-07-15 09:04:45,6,528.89
263,165,112,2021-02-11 15:56:32,5,255.77
264,95,368,2022-12-29 00:09:58,8,516.18
265,25,198,2022-12-12 03:34:55,5,457.14
266,117,290,2023-08-03 08:14:17,1,489.94
267,192,107,2022-10-30 22:46:52,7,319.34
268,196,131,2021-12-10 23:29:17,5,222.44
269,137,28,2021-11-19 15:49:27,7,348.1
270,94,233,2022-10-12 00:49:30,5,315.62
271,239,376,2022-09-04 01:27:45,1,760.87
272,88,148,2023-08-21 15:20:36,3,745.28
273,161,400,2023-04-25 20:46:35,9,626.03
274,148,328,2023-08-05 22:39:43,8,182.2
275,73,493,2023-07-25 00:18:38,9,609.64
276,88,286,2023-12-01 02:01:33,7,171.31
277,14,420,2022-05-09 06:26:01,5,116.36
278,82,226,2021-09-02 08:03:20,5,417.34
279,121,305,2022-12-06 21:31:38,9,316.49
280,204,434,2021-09-10 16:17:31,5,635.18
281,221,337,2021-06-26 20:29:14,6,935.78
282,282,185,2021-03-08 09:55:07,4,747.87
283,289,320,2022-02-12 22:46:35,5,790.62
284,271,473,2023-07-28 02:17:09,3,955.8
285,285,443,2021-05-05 05:17:17,3,670.68
286,277,390,2023-01-14 14:09:53,8,619.96
287,23,308,2022-09-15 14:34:05,6,641.68
288,228,251,2022-05-08 08:30:48,3,879.22
289,84,62,2021-11-21 04:06:21,2,449.29
290,136,107,2022-03-06 15:48:07,5,815.8
291,62,468,2022-11-02 11:47:40,5,687.03
292,142,274,2022-04-14 16:06:47,2,374.11
293,6,46,2023-04-19 19:10:01,9,112.32
294,257,481,2023-02-13 17:16:48,3,288.93
295,137,63,2021-08-20 17:20:38,6,729.99
296,208,23,2021-02-27 01:59:47,9,621.72
297,140,226,2022-07-11 23:28:50,3,347.14
298,5,103,2023-09-29 05:27:02,5,490.87
299,283,138,2022-12-21 19:42:59,7,695.03
300,75,262,2022-10-06 22:55:56,2,214.38
301,220,333,2023-02-16 09:13:02,3,489.05
302,228,62,2021-11-01 23:11:33,7,474.96
303,275,171,2021-10-31 01:48:25,3,588.34
304,291,248,2022-05-20 22:29:15,1,569.72
305,52,401,2023-08-25 10:43:28,1,430.95
306,159,316,2022-12-09 13:44:58,7,786.46
307,275,274,2022-04-30 22:27:09,7,160.51
308,54,197,2021-11-14 01:43:34,3,131.98
309,95,317,2023-02-15 05:51:07,4,478.23
310,60,154,2021-07-01 00:30:09,3,907.02
311,155,143,2021-09-13 02:34:07,1,349.81
312,125,366,2023-03-29 22:06:18,7,255.08
313,164,318,2023-09-06 21:02:45,2,935.39
314,59,182,2023-02-21 02:38:42,5,251.4
315,107,82,2022-04-24 10:54:02,5,437.36
316,202,30,2022-06-01 08:11:18,3,756.11
317,270,199,2022-01-24 19:38:44,6,334.83
318,39,29,2022-01-31 07:27:55,3,306.86
319,168,203,2023-12-05 12:31:35,4,457.9
320,137,134,2021-03-06 12:33:03,3,808.63
321,14,485,2021-06-14 17:33:03,4,919.89
322,209,485,2021-05-05 23:11:09,9,128.16
323,23,341,2023-09-11 17:13:07,3,248.6
324,265,440,2023-09-08 11:39:18,5,962.74
325,228,499,2023-07-30 11:46:03,8,633.51
326,263,179,2022-09-30 03:49:59,4,596.27
327,210,87,2022-12-12 05:08:27,4,832.19
328,61,182,2021-03-20 00:12:32,4,135.8
329,57,267,2021-05-24 12:33:58,7,112.45
330,238,44,2022-05-26 01:45:08,3,970.74
331,152,444,2023-04-12 18:37:06,6,845.71
332,281,415,2023-10-09 11:46:36,9,772.64
333,5,316,2021-05-30 23:28:09,8,240.13
334,101,143,2023-09-27 16:50:45,4,528.94
335,31,500,2022-11-22 00:23:45,4,943.56
336,55,433,2021-11-23 21:28:16,8,940.24
337,154,121,2023-08-31 16:59:24,3,108.32
338,277,382,2023-12-10 14:27:40,3,777.24
339,186,57,2021-12-05 14:28:41,1,105.61
340,30,450,2022-02-28 07:01:50,8,985.87
341,120,361,2023-06-17 20:07:23,1,475.27
342,8,392,2022-04-10 21:26:19,6,976.17
343,106,454,2021-09-07 01:01:45,5,430.97
344,138,144,2023-09-02 08:32:18,9,363.87
345,183,120,2023-01-24 06:51:56,7,384.66
346,210,490,2022-07-10 06:28:17,5,757.61
347,149,309,2023-01-23 07:32:26,2,279.71
348,260,289,2022-04-01 05:29:39,7,877.65
349,127,88,2022-05-23 13:35:57,6,631.52
350,299,463,2023-12-09 22:24:16,9,972.92
351,66,419,2022-10-05 07:21:32,8,988.38
352,21,30,2023-04-20 08:17:10,5,266.66
353,293,52,2021-09-25 06:21:52,3,960.2
354,113,474,2021-03-29 20:53:23,3,141.88
355,139,438,2021-10-04 12:02:03,1,125.08
356,238,261,2022-08-15 11:58:48,2,949.48
357,44,193,2023-12-25 17:44:20,5,966.16
358,64,380,2023-01-03 11:56:47,5,232.52
359,266,155,2022-07-21 07:26:28,4,498.17
360,92,469,2021-01-30 05:55:33,1,544.68
361,112,390,2022-09-26 13:45:26,6,874.25
362,275,379,2021-04-29 16:35:59,9,665.13
363,227,345,2023-01-07 08:51:50,9,797.11
364,226,274,2023-01-17 06:48:04,8,536.59
365,132,453,2022-07-05 22:42:12,3,683.57
366,229,313,2023-12-17 20:13:15,6,761.87
367,129,161,2022-02-05 23:32:29,2,764.09
368,296,242,2023-03-26 06:22:05,6,101.56
369,25,338,2023-06-20 20:52:57,3,189.92
370,187,73,2022-06-19 20:47:26,2,427.29
371,293,74,2021-11-23 11:03:40,3,155.08
372,135,229,2021-10-15 23:01:54,7,444.69
373,4,416,2022-03-27 02:41:44,8,450.61
374,227,351,2021-09-03 00:40:37,5,928.21
375,169,330,2021-12-15 15:37:27,7,610.36
376,285,365,2023-07-08 08:43:09,2,735.72
377,27,177,2022-04-09 15:56:37,6,898.48
378,225,228,2021-10-18 01:00:06,8,497.92
379,249,417,2022-03-08 13:17:25,6,101.77
380,202,271,2021-05-23 01:29:59,5,356.8
381,198,62,2021-06-12 10:05:47,9,832.74
382,136,344,2021-11-21 16:36:10,3,911.66
383,126,417,2022-01-27 12:01:40,7,416.36
384,95,313,2021-08-10 18:26:51,2,364.59
385,73,413,2021-06-12 02:06:51,9,932.05
386,247,172,2022-10-28 17:32:18,8,415.97
387,136,98,2021-12-17 21:31:50,2,687.02
388,196,179,2023-01-22 04:45:58,2,352.28
389,214,303,2021-03-10 15:35:52,2,188.13
390,109,109,2023-10-09 00:41:48,8,551.11
391,103,329,2021-11-25 09:50:23,9,930.91
392,84,422,2022-06-20 05:57:04,4,656.78
393,224,121,2021-03-22 06:11:49,6,287.94
394,257,3,2023-05-19 13:58:09,2,714.19
395,134,274,2021-02-04 09:54:39,2,791.53
396,108,144,2021-01-30 11:57:48,1,388.68
397,8,196,2022-07-27 07:42:55,8,603.29
398,150,342,2021-01-19 06:15:57,7,713.76
399,172,497,2022-09-12 16:08:01,3,244.32
400,47,243,2021-04-22 03:18:08,7,967.69
401,1,94,2022-05-01 02:57:23,5,506.13
402,180,358,2022-10-27 06:33:13,2,981.7
403,39,121,2021-01-13 02:28:28,1,270.62
404,90,151,2022-02-03 16:32:44,5,535.4
405,75,211,2023-03-10 12:10:27,5,249.27
406,227,8,2023-04-14 03:37:15,8,109.16
407,124,312,2023-12-20 02:16:48,1,314.09
408,97,178,2023-10-20 08:02:00,1,462.87
409,283,27,2022-11-08 04:07:26,8,488.02
410,207,249,2021-07-05 21:12:05,1,897.85
411,33,133,2022-03-18 04:35:26,7,672.11
412,116,110,2022-01-18 11:46:44,5,491.0
413,179,90,2023-09-21 11:01:06,7,989.2
414,174,27,2022-02-09 10:42:12,8,652.8
415,234,189,2022-12-13 04:56:18,7,390.4
416,133,244,2023-07-13 14:43:12,7,722.18
417,94,112,2023-04-01 02:21:37,7,546.13
418,195,84,2023-05-31 00:41:47,1,893.05
419,186,79,2022-12-02 09:11:08,8,906.86
420,165,147,2023-02-10 03:38:45,6,430.62
421,191,122,2021-06-04 15:31:52,3,606.11
422,5,97,2021-07-23 15:06:56,3,339.2
423,206,348,2023-05-07 00:42:45,5,663.97
424,227,293,2022-11-10 22:56:23,1,993.11
425,74,359,2021-02-14 07:07:47,5,849.33
426,219,405,2022-05-14 01:15:18,8,429.77
427,27,384,2022-01-07 09:03:44,4,185.84
428,23,493,2023-12-14 04:02:38,9,970.01
429,208,388,2023-02-07 12:28:00,7,450.63
430,91,147,2023-02-06 15:30:39,7,364.04
431,52,206,2021-03-20 02:36:26,6,384.7
432,209,52,2022-01-18 06:29:03,3,540.93
433,62,50,2023-12-07 20:59:35,7,961.08
434,105,32,2021-01-15 19:21:46,7,987.96
435,129,482,2022-10-16 04:54:04,6,366.51
436,95,147,2021-11-17 09:23:43,1,416.32
437,7,269,2022-01-24 17:30:42,3,560.63
438,174,112,2023-07-20 16:48:50,2,107.37
439,246,476,2023-08-28 14:37:07,7,257.35
440,16,232,2021-05-02 00:24:07,2,942.45
441,170,355,2022-04-13 03:04:07,5,126.49
442,167,328,2021-03-10 06:34:09,3,190.88
443,83,95,2023-03-16 21:49:40,2,478.58
444,221,302,2022-06-16 02:26:52,6,758.31
445,170,209,2022-01-26 01:12:07,3,341.99
446,115,66,2021-03-17 03:59:58,2,375.37
447,230,89,2023-03-21 02:42:24,6,374.93
448,220,273,2022-05-27 14:55:12,3,885.34
449,247,302,2022-01-06 06:21:58,7,303.49
450,101,384,2022-10-17 04:36:20,7,606.16
451,222,220,2023-11-14 18:15:09,3,999.94
452,179,166,2022-02-05 07:05:56,1,755.62
453,175,435,2021-01-11 03:03:22,5,402.72
454,94,409,2021-04-14 15:39:10,6,788.91
455,115,433,2021-04-23 18:56:12,8,958.52
456,162,205,2023-07-16 06:26:03,4,436.18
457,269,5,2023-09-11 02:17:25,7,737.21
458,225,497,2021-11-05 06:48:01,6,168.22
459,234,436,2021-10-05 05:53:30,6,905.77
460,67,175,2023-10-21 20:20:22,3,186.63
461,126,41,2021-05-17 05:09:22,1,435.63
462,139,399,2022-06-19 05:22:34,6,588.26
463,113,242,2022-10-09 07:57:34,2,337.22
464,219,395,2023-06-25 01:23:37,4,684.34
465,156,412,2022-05-27 14:18:39,1,598.99
466,185,335,2023-03-26 02:41:31,8,745.47
467,121,359,2023-03-08 15:56:46,2,418.73
468,198,398,2023-03-06 09:28:25,4,591.41
469,291,5,2021-08-19 05:41:57,7,830.97
470,4,215,2022-03-21 08:39:09,6,829.63
471,189,272,2022-05-15 21:41:41,7,742.82
472,239,30,2021-03-17 20:28:27,7,587.74
473,166,463,2021-08-24 23:59:52,2,705.93
474,172,171,2022-10-11 23:19:21,6,178.19
475,212,154,2021-03-03 06:05:00,5,524.19
476,71,204,2023-12-16 23:22:46,8,874.13
477,149,480,2023-05-30 02:38:39,7,646.63
478,285,220,2023-05-19 05:28:29,4,947.51
479,116,23,2022-01-23 14:29:29,3,335.96
480,93,111,2023-04-17 18:35:54,4,186.67
481,103,300,2022-12-06 17:11:54,7,663.95
482,198,469,2022-07-21 11:37:52,6,181.83
483,110,184,2023-08-06 09:43:59,8,803.92
484,101,254,2023-12-16 02:03:10,8,331.07
485,183,131,2023-06-25 17:01:25,7,584.88
486,160,154,2021-12-11 13:50:52,7,830.24
487,82,126,2023-01-30 02:14:30,6,809.23
488,36,121,2022-03-10 10:24:48,9,546.38
489,238,129,2023-02-26 09:37:59,6,978.26
490,244,352,2021-06-16 06:51:27,4,547.87
491,251,185,2022-10-23 18:41:03,8,350.91
492,255,111,2022-11-27 03:00:17,3,372.19
493,282,199,2022-04-29 09:08:37,8,769.28
494,22,467,2021-01-02 15:44:22,3,493.4
495,230,87,2023-09-15 19:38:12,6,476.91
496,154,191,2023-08-30 19:12:26,1,118.44
497,120,256,2021-10-23 06:32:52,3,374.75
498,166,47,2021-03-26 06:44:55,9,874.34
499,199,252,2022-05-21 07:14:54,2,823.15
500,75,90,2023-02-07 04:23:25,9,771.86
501,79,206,2023-07-12 22:47:58,3,120.82
502,73,141,2022-04-28 08:30:19,9,124.29
503,200,319,2022-09-14 14:59:21,7,380.32
504,134,294,2021-05-14 06:06:00,9,527.01
505,48,468,2021-02-06 23:20:52,4,918.77
506,188,160,2022-01-30 06:00:55,7,446.17
507,171,376,2022-12-12 16:30:54,5,359.67
508,139,413,2022-10-05 19:08:32,1,614.04
509,243,316,2021-08-31 06:36:23,7,923.22
510,126,340,2022-05-20 18:19:39,7,764.77
511,207,297,2021-08-09 20:08:11,4,871.0
512,198,361,2021-07-04 09:55:54,5,263.98
513,187,378,2021-03-07 23:55:36,9,213.1
514,18,90,2021-11-06 18:27:21,7,589.66
515,198,496,2023-04-08 09:23:39,1,727.63
516,153,286,2021-09-19 16:48:37,1,959.49
517,132,285,2022-04-24 07:33:26,4,434.38
518,165,53,2022-12-30 08:04:57,6,411.9
519,59,299,2023-08-01 01:54:53,8,564.27
520,178,139,2023-03-13 12:42:13,1,716.44
521,153,213,2023-03-21 02:27:18,9,609.42
522,162,274,2023-08-30 23:39:38,1,750.73
523,242,129,2022-01-10 18:25:07,2,442.28
524,136,168,2023-10-30 12:15:07,5,875.98
525,236,39,2023-10-18 10:35:22,1,264.68
526,47,483,2023-12-21 05:54:19,3,384.31
527,128,194,2023-07-16 02:02:05,5,796.31
528,158,49,2022-04-11 05:12:51,9,402.11
529,13,215,2022-02-27 13:47:43,3,701.34
530,119,46,2023-09-02 04:13:04,3,359.02
531,289,123,2021-09-10 12:08:03,8,268.39
532,291,178,2023-12-24 08:30:44,7,370.66
533,116,23,2022-06-06 12:56:49,4,898.29
534,88,232,2022-12-19 04:10:56,3,514.79
535,125,349,2023-03-29 13:39:22,7,302.87
536,175,322,2021-09-12 00:12:41,6,389.29
537,53,342,2022-09-29 11:00:12,5,102.49
538,111,323,2022-09-25 14:46:33,4,780.23
539,65,33,2023-03-04 00:52:51,4,303.11
540,74,435,2023-12-24 20:50:33,8,638.13
541,147,327,2022-04-03 05:11:27,5,122.6
542,261,103,2023-02-20 08:43:06,5,851.05
543,264,420,2023-10-09 07:13:55,6,268.7
544,132,485,2022-09-14 07:48:31,5,104.29
545,49,152,2023-10-06 00:02:12,2,371.07
546,77,500,2022-10-25 19:05:10,2,928.44
547,294,123,2021-01-19 12:19:51,8,336.35
548,117,83,2022-03-12 19:31:35,1,553.13
549,49,103,2022-10-21 01:46:20,1,466.51
550,110,90,2021-10-22 09:24:59,6,364.82
551,180,239,2023-06-12 05:24:38,8,934.62
552,50,80,2022-01-16 09:54:36,1,810.1
553,72,114,2022-01-07 17:18:38,6,785.72
554,286,156,2023-10-22 11:06:19,3,573.5
555,4,342,2022-01-29 16:21:33,1,842.38
556,75,2,2023-08-14 13:23:25,8,512.59
557,85,266,2022-01-24 16:40:49,6,518.67
558,21,116,2022-08-16 20:52:56,1,544.4
559,209,338,2023-09-08 20:13:49,4,313.22
560,43,396,2023-02-23 15:35:58,6,931.29
561,29,65,2022-11-24 18:45:24,4,332.88
562,181,248,2022-11-05 15:00:18,3,278.34
563,103,324,2021-10-17 04:27:07,3,319.38
564,266,190,2022-03-27 08:59:52,1,835.62
565,259,55,2023-10-08 09:22:51,9,791.69
566,234,293,2021-07-29 23:33:35,4,484.4
567,101,469,2023-10-15 22:25:27,7,112.4
568,91,127,2023-11-15 05:57:03,5,978.16
569,69,20,2021-03-15 01:04:30,4,219.28
570,106,496,2022-04-06 23:19:41,5,866.28
571,11,198,2022-09-07 21:47:08,2,803.55
572,13,213,2023-03-02 17:49:34,1,944.27
573,105,126,2022-12-28 05:35:10,2,796.06
574,226,191,2022-04-09 13:06:58,2,398.23
575,168,197,2023-01-11 16:24:14,8,308.72
576,290,170,2023-05-24 16:33:37,3,439.92
577,100,209,2021-01-10 10:29:24,8,282.78
578,218,145,2023-05-26 22:57:56,1,747.62
579,211,186,2022-04-09 12:14:02,2,843.87
580,277,134,2022-09-17 05:30:28,9,681.8
581,223,97,2023-11-12 12:34:07,1,267.48
582,157,279,2023-12-10 01:40:34,4,133.65
583,73,132,2023-09-22 20:07:00,6,622.36
584,275,393,2022-05-17 14:18:48,2,516.41
585,40,319,2021-12-25 19:52:23,3,279.73
586,235,349,2021-11-07 10:49:30,2,431.28
587,124,170,2022-08-27 01:29:49,5,587.32
588,285,331,2022-03-24 05:39:24,8,669.63
589,153,103,2022-04-08 02:06:21,9,528.98
590,147,93,2022-04-28 16:23:04,5,974.25
591,196,96,2022-01-05 09:35:09,5,141.6
592,173,109,2023-12-16 06:32:41,7,692.39
593,212,396,2021-09-13 16:13:48,6,918.6
594,1,419,2022-02-09 16:14:04,2,312.91
595,139,92,2022-10-15 20:41:09,1,292.34
596,196,306,2021-01-05 12:06:35,2,786.01
597,220,72,2021-07-27 06:13:00,1,537.74
598,163,424,2021-11-23 11:18:01,4,992.96
599,51,359,2022-02-05 05:38:57,6,630.21
600,243,376,2021-02-01 12:48:32,6,931.1
601,21,59,2023-07-25 22:08:44,7,110.99
602,172,6,2022-04-15 18:35:42,3,239.09
603,119,74,2023-12-28 04:30:42,6,715.98
604,129,345,2023-06-21 04:41:23,8,474.82
605,106,141,2023-01-12 18:41:48,6,852.37
606,195,233,2023-05-18 12:11:55,9,486.01
607,226,226,2022-02-15 00:08:47,2,741.7
608,141,316,2023-11-12 18:36:09,6,609.54
609,272,207,2022-08-01 20:35:33,9,207.91
610,119,494,2022-02-21 15:24:06,2,746.16
611,34,16,2021-02-05 19:34:41,5,735.73
612,152,5,2022-08-07 06:55:24,1,204.15
613,39,407,2023-12-10 21:09:14,3,605.72
614,258,181,2022-01-30 15:23:07,1,402.09
615,267,67,2022-09-22 21:41:00,8,512.96
616,7,328,2022-01-16 17:37:12,4,480.48
617,263,366,2022-06-10 15:55:07,9,194.3
618,103,329,2022-05-18 01:50:31,8,242.22
619,179,262,2023-03-03 07:23:23,8,178.13
620,259,40,2023-04-09 15:14:47,9,273.2
621,158,336,2023-03-25 18:38:22,2,867.2
622,10,336,2023-06-26 21:02:44,9,122.07
623,116,298,2023-02-14 12:22:14,1,488.46
624,117,474,2021-01-27 07:34:33,8,820.84
625,182,151,2021-07-28 09:55:02,8,190.23
626,236,474,2022-01-23 03:19:16,7,304.94
627,194,218,2021-07-27 09:34:35,6,754.7
628,300,404,2023-08-15 10:20:01,9,682.8
629,80,319,2021-09-22 20:07:54,6,606.72
630,63,286,2021-07-29 03:32:34,5,254.48
631,48,266,2021-05-17 23:41:45,1,815.08
632,77,396,2021-03-15 07:38:53,2,227.27
633,150,382,2022-10-03 03:10:09,9,221.32
634,121,100,2022-05-13 19:36:12,1,815.53
635,275,27,2021-08-20 02:00:43,4,432.3
636,14,360,2023-02-20 10:54:15,8,381.36
637,223,256,2021-09-18 07:46:14,4,350.8
638,93,211,2022-09-07 18:11:26,8,392.47
639,237,73,2023-08-08 10:08:46,6,406.53
640,106,256,2023-06-16 20:23:14,4,726.73
641,214,130,2022-01-06 03:46:51,9,316.24
642,7,356,2023-07-10 13:31:45,4,392.79
643,101,115,2023-02-22 08:26:54,2,798.59
644,49,242,2023-11-25 06:42:45,4,921.84
645,41,175,2022-10-26 20:56:38,4,651.55
646,159,312,2023-10-07 01:03:53,1,194.61
647,144,11,2021-05-05 17:49:35,8,587.43
648,38,203,2023-05-07 14:48:02,3,665.0
649,60,281,2022-12-13 08:12:14,1,382.65
650,114,352,2023-09-15 15:41:26,7,845.2
651,96,44,2023-07-07 17:43:42,7,803.87
652,209,476,2023-03-17 23:54:56,8,617.78
653,289,142,2023-10-30 22:42:38,8,230.51
654,63,463,2022-03-18 23:20:18,2,727.64
655,94,56,2022-08-08 21:56:29,3,905.81
656,151,6,2023-05-28 07:05:58,9,325.09
657,293,408,2022-11-27 12:55:10,6,962.82
658,84,43,2023-08-04 05:15:03,2,794.17
659,128,104,2021-10-23 22:13:57,8,370.29
660,262,50,2022-10-24 22:44:45,4,655.14
661,155,358,2022-09-14 23:16:58,2,377.06
662,242,359,2021-03-25 06:53:14,7,189.52
663,84,76,2023-10-09 00:16:18,9,841.73
664,136,374,2023-03-21 18:22:14,3,699.23
665,181,441,2021-10-06 10:18:46,8,652.6
666,81,428,2023-11-17 20:25:46,9,227.96
667,1,153,2022-06-27 04:20:17,7,439.64
668,216,338,2021-01-31 21:23:38,9,888.97
669,208,22,2021-05-20 14:48:16,6,246.97
670,253,479,2022-03-17 09:37:19,1,143.11
671,132,147,2022-01-28 21:05:23,1,272.04
672,62,64,2023-11-30 21:16:11,5,325.16
673,145,346,2021-08-28 23:55:16,7,805.28
674,85,30,2022-01-10 12:42:11,1,683.33
675,117,294,2022-05-03 02:10:17,5,115.61
676,230,434,2023-01-04 06:12:57,3,115.56
677,256,169,2022-07-04 06:17:49,3,610.21
678,49,498,2021-03-01 09:45:25,5,669.96
679,146,363,2022-09-09 19:54:00,8,212.88
680,10,224,2023-01-31 16:59:54,2,649.42
681,191,104,2023-10-14 15:40:41,7,316.32
682,80,268,2021-12-22 18:15:07,5,403.05
683,231,313,2023-06-18 09:54:45,7,467.95
684,207,448,2023-01-10 12:35:17,9,204.58
685,229,143,2021-01-29 16:24:08,7,966.78
686,280,289,2021-10-16 06:02:28,3,976.39
687,8,194,2021-05-28 09:34:07,8,500.5
688,279,122,2021-04-04 05:09:34,5,331.72
689,159,374,2021-10-17 21:04:21,1,962.74
690,247,322,2021-05-22 07:32:30,2,836.25
691,81,37,2022-12-29 06:00:38,7,751.81
692,156,251,2021-09-30 01:33:42,5,515.63
693,48,26,2022-05-24 10:57:07,1,469.52
694,115,461,2021-09-01 12:00:04,1,801.41
695,12,73,2021-03-22 19:05:09,3,567.65
696,287,51,2023-08-04 18:20:15,8,694.52
697,91,13,2022-05-02 01:02:19,7,609.57
698,291,409,2022-12-21 03:07:30,7,740.97
699,55,148,2021-11-06 08:43:47,8,184.69
700,164,196,2021-04-18 10:08:34,8,439.86
701,72,395,2022-08-21 09:21:17,1,250.38
702,113,8,2023-12-20 15:17:19,5,317.84
703,69,437,2022-10-21 02:56:49,2,280.74
704,14,93,2023-03-04 04:56:49,5,552.99
705,102,15,2023-08-23 06:30:02,6,117.09
706,276,457,2022-03-13 23:53:17,1,967.57
707,265,47,2022-01-26 22:23:06,7,567.07
708,210,228,2023-02-24 09:19:34,5,147.31
709,198,36,2023-06-30 18:51:22,5,713.85
710,101,210,2021-09-04 22:46:27,2,342.0
711,254,152,2022-03-20 12:16:27,8,196.09
712,158,62,2022-03-06 06:33:32,1,847.27
713,231,118,2021-06-25 11:05:51,2,278.12
714,151,182,2023-11-11 15:42:42,3,194.28
715,31,13,2021-12-21 04:52:50,9,151.22
716,256,430,2023-08-09 21:23:48,8,755.7
717,20,8,2022-01-27 09:39:00,9,689.74
718,261,432,2023-12-23 00:45:13,1,107.38
719,149,111,2023-06-27 22:38:03,1,299.33
720,75,168,2022-03-27 05:31:24,1,734.21
721,124,351,2023-01-24 06:10:25,3,236.93
722,215,148,2022-02-10 01:10:23,7,619.08
723,230,235,2021-09-18 11:07:49,9,291.84
724,251,366,2022-08-01 23:05:55,4,504.31
725,94,435,2023-07-12 07:32:15,8,880.68
726,170,66,2022-09-14 16:11:48,4,372.34
727,41,428,2022-08-20 02:18:07,4,717.38
728,189,83,2023-09-17 01:16:13,6,494.45
729,210,463,2023-04-30 13:00:26,6,186.54
730,180,90,2023-11-23 04:52:48,5,424.57
731,297,102,2021-07-04 09:48:27,9,857.15
732,60,377,2022-01-03 12:18:49,3,975.74
733,30,185,2023-04-09 10:26:26,9,860.57
734,226,73,2023-04-12 18:25:33,6,246.01
735,95,179,2023-12-03 20:31:09,8,410.96
736,239,35,2022-05-21 14:23:46,6,848.07
737,166,475,2023-05-24 02:50:20,5,598.51
738,217,12,2023-07-30 19:12:54,5,798.57
739,273,109,2023-06-07 00:26:09,8,800.0
740,168,140,2022-12-18 21:37:21,9,163.98
741,158,361,2021-09-23 07:41:35,9,408.17
742,66,421,2022-03-19 03:54:56,6,531.12
743,280,383,2021-11-29 18:30:09,7,950.7
744,201,178,2021-12-09 05:51:03,7,908.41
745,88,461,2023-10-03 16:46:22,4,480.73
746,294,466,2022-10-18 20:19:34,7,186.1
747,218,224,2021-06-02 14:04:43,1,464.09
748,135,459,2023-11-03 00:28:21,6,582.31
749,217,305,2021-11-16 20:33:50,7,913.96
750,102,75,2023-06-03 17:29:48,6,365.39
751,298,140,2021-11-07 18:26:32,5,377.98
752,44,94,2023-12-03 01:35:57,4,664.46
753,111,35,2022-06-24 14:52:06,1,554.67
754,240,203,2022-12-19 22:16:24,6,276.28
755,279,461,2022-12-17 20:19:26,2,230.25
756,12,242,2022-07-05 23:58:37,6,540.55
757,120,296,2023-10-15 04:40:01,2,801.45
758,283,369,2023-11-12 10:28:14,2,800.95
759,49,11,2021-04-05 07:45:08,9,978.22
760,200,259,2023-03-08 11:58:53,8,444.45
761,240,378,2021-03-15 23:07:21,4,452.79
762,183,496,2023-03-02 21:05:16,6,101.64
763,97,76,2023-07-30 07:44:05,3,846.93
764,88,431,2021-10-23 19:12:22,7,681.97
765,3,52,2021-08-02 03:56:25,4,792.93
766,265,426,2022-04-15 10:05:21,9,523.56
767,267,92,2022-04-28 06:14:09,5,928.17
768,262,132,2021-07-30 01:26:25,9,126.2
769,295,273,2023-07-16 15:40:58,1,203.75
770,101,320,2022-10-30 15:22:46,9,438.42
771,118,321,2021-07-11 21:11:22,5,176.6
772,60,270,2023-09-21 15:15:28,1,179.1
773,165,295,2022-09-19 07:56:55,6,610.19
774,262,261,2023-11-29 22:47:55,6,294.51
775,39,4,2021-01-30 11:29:42,3,663.88
776,164,404,2023-08-03 13:40:59,5,936.46
777,89,82,2023-08-07 21:29:56,9,841.49
778,208,145,2023-10-27 08:41:42,9,323.59
779,266,383,2021-10-29 22:11:50,5,180.7
780,133,328,2021-12-27 17:57:05,2,955.17
781,25,153,2021-01-07 09:47:54,9,995.05
782,95,268,2022-10-18 05:19:35,9,437.05
783,78,151,2021-11-27 19:55:20,9,514.61
784,268,61,2023-03-11 02:21:15,4,230.8
785,82,220,2022-09-06 21:06:38,4,739.16
786,155,131,2023-10-18 02:27:48,3,479.65
787,176,393,2022-06-26 21:23:46,6,822.71
788,99,73,2023-06-23 03:57:47,8,619.57
789,22,218,2021-05-16 17:03:21,6,138.51
790,171,295,2023-05-03 05:14:03,9,401.46
791,146,53,2023-04-09 09:16:47,8,827.74
792,102,226,2022-03-08 04:21:14,1,719.3
793,245,345,2021-10-13 23:52:16,3,669.28
794,184,320,2022-09-30 23:55:23,8,705.25
795,101,406,2022-11-15 20:33:07,4,644.53
796,197,5,2021-10-18 03:04:05,6,677.01
797,112,416,2021-12-19 13:47:35,2,658.38
798,227,244,2021-02-11 04:03:51,6,580.09
799,268,204,2021-09-18 07:12:20,2,781.97
800,98,166,2021-07-15 02:37:00,2,432.54
801,239,264,2022-08-29 08:23:14,3,527.71
802,12,151,2021-12-05 16:16:27,5,461.3
803,26,125,2021-04-21 23:47:59,4,288.29
804,98,299,2023-03-12 19:57:09,2,389.7
805,263,188,2023-03-12 02:50:23,2,149.51
806,90,224,2023-07-22 00:53:37,3,392.97
807,39,311,2022-05-04 18:02:15,9,451.52
808,52,458,2021-08-25 18:02:07,2,184.05
809,17,372,2021-09-28 21:43:11,8,298.41
810,219,436,2021-07-26 18:32:23,9,324.59
811,260,83,2022-10-21 19:15:13,3,304.72
812,123,280,2021-11-06 13:54:31,7,415.2
813,259,84,2022-04-05 17:17:01,6,230.39
814,134,282,2023-12-05 22:10:28,2,758.35
815,272,314,2022-12-14 09:58:13,7,408.39
816,181,198,2021-10-20 19:32:34,3,210.13
817,264,346,2022-05-16 14:27:28,6,634.24
818,180,302,2023-12-17 10:04:11,7,261.68
819,250,368,2022-12-20 10:47:01,2,152.25
820,184,89,2022-04-02 06:05:23,6,246.96
821,114,436,2022-07-06 19:36:08,9,478.0
822,206,316,2022-05-28 16:58:02,5,724.16
823,89,429,2022-07-13 17:22:38,7,677.35
824,253,155,2022-05-20 15:09:33,6,104.69
825,118,121,2021-11-27 18:13:36,7,813.96
826,186,118,2022-01-05 17:19:54,1,402.12
827,103,428,2022-06-08 01:59:51,3,711.74
828,207,122,2021-03-05 17:22:50,6,129.41
829,83,417,2022-07-26 04:12:56,7,454.41
830,237,287,2023-01-15 11:22:30,3,117.65
831,4,143,2023-09-16 16:08:21,2,834.71
832,166,328,2023-08-23 05:41:38,5,268.27
833,286,97,2021-01-29 21:10:34,9,707.09
834,79,190,2023-10-06 17:46:14,9,349.36
835,268,2,2023-11-11 13:11:25,4,221.82
836,12,432,2023-12-19 11:07:04,8,937.27
837,273,381,2021-12-10 04:56:04,3,635.52
838,61,366,2021-07-19 08:01:04,2,901.57
839,124,119,2022-06-24 22:08:26,2,375.94
840,104,172,2023-02-02 17:59:11,2,846.85
841,192,475,2021-10-23 00:29:21,7,947.51
842,188,16,2021-11-05 08:58:00,4,455.67
843,130,325,2022-04-12 10:13:38,7,913.72
844,182,203,2022-04-07 12:46:32,6,401.58
845,285,86,2022-03-18 15:00:25,5,392.14
846,217,168,2021-02-11 21:02:00,3,996.16
847,74,107,2021-09-20 10:35:08,8,957.17
848,16,492,2022-09-26 01:18:39,9,305.76
849,132,95,2023-08-18 08:09:13,9,853.48
850,107,471,2022-07-28 22:18:43,1,408.21
851,214,257,2023-08-22 19:54:39,8,981.32
852,285,82,2023-03-19 00:16:55,9,864.84
853,214,187,2021-03-09 23:31:14,9,914.43
854,79,13,2023-06-07 15:05:59,8,616.31
855,268,220,2021-04-01 12:04:59,5,364.74
856,282,300,2021-05-03 22:32:56,7,277.77
857,268,439,2022-06-21 12:06:44,7,575.08
858,238,382,2021-09-09 07:49:55,9,704.36
859,145,432,2022-07-28 06:58:54,4,767.61
860,258,279,2023-03-30 20:59:12,8,253.34
861,17,288,2021-02-01 06:01:06,9,582.3
862,34,373,2022-02-15 23:50:02,5,492.5
863,34,35,2023-01-08 16:03:40,3,287.4
864,173,483,2021-01-09 00:51:49,4,597.67
865,297,299,2023-10-18 18:41:40,1,348.32
866,206,325,2021-08-22 01:36:55,5,581.55
867,107,379,2022-05-16 19:28:39,9,280.1
868,84,319,2022-11-24 08:12:19,1,909.95
869,243,293,2023-12-02 14:42:09,5,404.29
870,151,340,2022-06-30 22:10:37,3,649.3
871,65,173,2022-01-09 17:34:12,7,209.74
872,230,210,2022-05-27 09:26:06,3,667.02
873,288,241,2021-10-17 11:05:06,3,344.84
874,80,368,2022-02-22 13:34:19,3,960.88
875,84,199,2021-06-17 13:29:34,8,454.74
876,272,263,2022-01-31 18:48:27,7,646.67
877,174,433,2021-07-15 19:45:18,7,294.23
878,11,394,2022-10-14 17:38:38,1,875.33
879,106,29,2021-03-08 22:21:15,3,823.9
880,71,78,2023-04-30 01:10:28,2,321.07
881,22,185,2021-08-18 14:44:20,5,919.94
882,223,394,2022-05-10 04:26:46,7,136.14
883,196,470,2021-08-26 23:34:01,4,777.32
884,130,323,2021-03-10 15:26:33,9,512.08
885,186,10,2021-11-10 16:17:43,8,851.91
886,272,111,2023-09-29 08:50:52,6,518.94
887,29,165,2022-08-01 21:15:16,1,159.02
888,284,285,2021-06-12 18:40:27,3,303.89
889,217,65,2022-02-24 06:24:13,2,994.94
890,217,459,2022-06-12 17:49:32,1,400.76
891,270,381,2022-12-21 12:41:36,6,244.27
892,79,142,2023-09-26 07:50:34,8,825.25
893,277,236,2021-07-30 21:04:14,4,140.56
894,72,3,2023-07-07 01:29:36,5,159.77
895,184,422,2021-04-25 00:08:32,5,367.77
896,236,456,2021-11-29 07:16:48,8,142.66
897,246,88,2023-04-12 04:03:00,2,996.14
898,92,223,2023-12-17 09:23:41,8,722.02
899,45,466,2022-08-26 03:52:37,8,567.63
900,272,4,2022-10-18 04:40:37,9,824.65
901,88,112,2023-07-13 08:41:29,6,696.24
902,78,483,2023-05-09 23:02:42,7,255.94
903,96,337,2021-01-30 06:10:50,2,297.67
904,111,244,2023-03-25 09:59:44,1,880.92
905,211,83,2023-02-03 09:01:43,1,403.27
906,133,307,2021-08-24 15:42:09,1,502.88
907,29,446,2021-09-16 18:33:45,3,452.02
908,194,491,2022-08-09 02:05:14,4,146.83
909,50,467,2023-04-23 06:03:56,2,734.12
910,58,29,2023-02-01 11:28:00,7,586.07
911,209,292,2021-01-10 22:08:39,5,708.53
912,42,310,2021-07-23 05:53:27,1,350.41
913,241,283,2021-01-21 05:31:38,9,466.22
914,195,370,2022-02-12 01:42:17,9,273.38
915,274,360,2023-04-21 03:32:00,7,477.71
916,21,43,2022-05-14 16:06:51,5,688.14
917,167,303,2021-05-02 16:43:05,6,950.22
918,135,198,2022-07-19 14:23:43,6,697.11
919,237,29,2022-01-13 05:44:44,8,572.64
920,151,128,2023-07-27 17:40:40,8,474.73
921,80,172,2021-03-30 03:25:22,4,194.99
922,75,84,2022-07-26 08:31:08,6,529.37
923,163,63,2022-10-16 21:14:19,6,239.6
924,169,331,2021-12-31 13:46:55,5,623.97
925,167,203,2021-01-26 21:04:49,1,757.22
926,150,138,2023-09-16 19:20:30,6,951.85
927,291,220,2022-07-16 09:05:48,7,367.17
928,161,228,2023-12-13 11:11:44,8,457.21
929,100,332,2021-03-01 03:41:22,1,264.66
930,298,353,2023-01-05 22:00:37,9,890.15
931,250,167,2022-10-30 12:22:20,1,841.67
932,252,32,2022-01-05 00:04:47,8,797.46
933,139,244,2021-06-10 00:31:30,9,151.56
934,274,407,2022-05-25 15:45:27,9,601.05
935,260,383,2022-06-20 20:44:03,5,311.51
936,102,348,2023-10-20 12:23:11,1,207.72
937,95,314,2023-12-15 15:17:14,4,803.45
938,286,22,2023-06-20 05:11:34,7,290.42
939,103,226,2023-05-11 12:57:40,9,550.73
940,124,318,2021-11-24 22:20:57,4,573.49
941,159,493,2023-06-23 09:21:28,5,291.95
942,204,298,2022-01-31 17:17:35,5,543.04
943,136,372,2023-06-24 10:29:52,5,147.54
944,180,364,2021-01-31 06:40:26,2,100.07
945,245,356,2023-12-08 06:29:47,4,892.29
946,74,170,2023-09-07 12:31:18,9,474.03
947,169,251,2022-01-08 11:50:21,9,916.68
948,244,152,2021-08-21 07:24:12,4,546.68
949,22,254,2021-11-01 07:28:28,3,488.0
950,95,233,2022-07-18 05:32:33,2,366.32
951,144,309,2022-09-08 23:57:25,5,173.52
952,241,280,2021-07-17 08:10:01,8,378.73
953,274,123,2021-10-26 08:26:11,7,647.62
954,267,329,2023-11-07 11:38:27,9,786.51
955,146,42,2023-01-16 11:09:01,1,586.74
956,132,238,2022-04-18 19:37:07,2,782.43
957,74,317,2022-03-23 16:54:16,2,241.98
958,286,304,2022-02-26 06:08:31,4,624.92
959,196,144,2021-11-17 17:29:02,8,894.34
960,227,37,2023-10-05 23:13:09,9,296.16
961,133,450,2023-06-14 05:20:29,5,304.9
962,101,95,2021-03-26 20:04:43,7,773.59
963,135,486,2021-09-01 16:09:25,3,830.85
964,33,299,2022-03-14 14:57:05,7,323.24
965,82,255,2021-08-20 23:16:56,1,398.41
966,120,1,2022-03-26 21:18:20,1,668.59
967,246,468,2022-06-10 06:51:19,3,458.59
968,294,391,2023-01-06 23:32:55,1,661.61
969,120,222,2021-03-21 06:23:37,6,546.79
970,284,68,2023-07-16 19:10:39,1,796.29
971,52,288,2023-10-14 13:58:05,5,861.3
972,79,286,2023-02-17 01:51:28,8,877.44
973,87,17,2022-02-20 01:19:00,8,650.37
974,96,452,2021-05-02 18:29:20,2,651.33
975,9,283,2023-08-15 18:42:19,9,504.68
976,286,263,2021-10-13 18:41:39,7,124.85
977,157,234,2021-01-27 17:58:28,6,369.26
978,187,486,2022-05-18 10:06:18,2,157.33
979,112,268,2023-11-20 02:09:53,6,494.01
980,145,338,2022-07-14 07:42:20,5,864.54
981,60,312,2022-02-12 07:27:38,3,637.12
982,248,382,2022-10-29 14:32:48,7,707.98
983,8,300,2021-02-13 04:45:40,2,269.21
984,289,324,2021-07-02 08:11:50,2,335.76
985,213,21,2021-06-29 07:51:20,8,246.82
986,236,476,2022-08-04 22:55:27,6,858.42
987,76,120,2021-07-06 10:01:38,5,352.28
988,222,477,2021-11-26 17:23:08,2,606.09
989,41,271,2023-09-21 15:36:49,6,227.02
990,1,271,2022-09-06 18:35:30,8,211.59
991,213,81,2021-11-11 13:06:09,9,412.83
992,110,484,2021-07-24 14:07:28,3,397.32
993,93,448,2022-12-23 20:12:22,5,395.97
994,206,374,2021-11-11 10:28:20,8,640.84
995,166,231,2023-03-01 01:41:50,3,384.39
996,62,44,2023-08-03 10:35:48,9,791.86
997,104,156,2023-11-24 17:14:35,3,181.6
998,69,359,2023-10-25 06:01:51,2,392.31
999,186,216,2021-05-28 18:46:23,9,702.27
1000,133,405,2021-10-27 11:25:09,8,642.64
